{"cameraMode":{"drawMode":0,"name":"Shaded","section":"Shading Mode"},"sceneLighting":false,"audioPlay":false,"sceneViewState":{"m_AlwaysRefresh":false,"showFog":true,"showSkybox":false,"showFlares":true,"showImageEffects":true,"showParticleSystems":true,"showVisualEffectGraphs":true,"m_FxEnabled":true},"in2DMode":false,"pivot":{"x":0.0020732581615448,"y":0.03992363438010216,"z":0.0019279904663562775},"rotation":{"x":-0.0021160549949854614,"y":-0.9795161485671997,"z":0.2011089026927948,"w":-0.010303358547389508},"size":0.03813007473945618,"orthographic":true}